﻿{
  "NamePrompt": {
    "replies": [
      {
        "text": "你叫什么名字？",
        "speak": "你叫什么名字？"
      }
    ],
    "inputHint": "expectingInput"
  },
  "HaveNameMessage": {
    "replies": [
      {
        "text": "嗨, {Name}!",
        "speak": "嗨, {Name}!"
      },
      {
        "text": "很高兴见到你, {Name}!",
        "speak": "很高兴见到你, {Name}!"
      }
    ],
    "inputHint": "acceptingInput"
  },
  "NewUserGreetingTitle": {
    "replies": [
      {
        "text": "嗨, 我是你的虚拟助理",
        "speak": "嗨, 我是你的虚拟助理!"
      }
    ],
    "inputHint": "acceptingInput"
  },
  "NewUserGreetingBody": {
    "replies": [
      {
        "text": "在这里探索, 看看我能做些什么。",
        "speak": "在这里探索, 看看我能做些什么。"
      }
    ],
    "inputHint": "acceptingInput"
  },
  "Greeting": {
    "replies": [
      {
        "text": "我能帮上什么忙吗？",
        "speak": "我能帮上什么忙吗？"
      }
    ],
    "inputHint": "acceptingInput"
  },
  "ReturningUserGreetingTitle": {
    "replies": [
      {
        "text": "欢迎回来 {Name}",
        "speak": "欢迎回来 {Name}!"
      },
      {
        "text": "你好{Name}",
        "speak": "你好{Name}!"
      }
    ],
    "inputHint": "acceptingInput"
  },
  "ReturningUserGreetingBody": {
    "replies": [
      {
        "text": "我有很多技能, 我们可以一起探索。",
        "speak": "我有很多技能, 我们可以一起探索。"
      }
    ],
    "inputHint": "acceptingInput"
  }
}