﻿{
  "type": "AdaptiveCard",
  "backgroundImage": "{BackgroundImageUrl}",
  "body": [
    {
      "type": "Container",
      "items": [
        {
          "type": "Image",
          "url": "{HeaderImageUrl}",
          "size": "Stretch"
        }
      ]
    },
    {
      "type": "Container",
      "items": [
        {
          "id": "title",
          "type": "TextBlock",
          "size": "Large",
          "spacing": "Medium",
          "weight": "Bolder",
          "text": "{Title}",
          "wrap": true,
          "color": "dark"
        },
        {
          "id": "body",
          "type": "TextBlock",
          "size": "Medium",
          "text": "{Body}",
          "wrap": true,
          "color": "dark"
        }
      ]
    }
  ],
  "actions": [
    {
      "type": "Action.OpenUrl",
      "title": "Documentation",
      "url": "https://aka.ms/customassistantdocs"
    },
    {
      "type": "Action.OpenUrl",
      "title": "Linked Accounts",
      "url": "https://aka.ms/linkedaccountsdocs"
    },
    {
      "type": "Action.OpenUrl",
      "title": "Skills",
      "url": "https://aka.ms/ConversationalAISkills"
    }
  ],
  "$schema": "http://adaptivecards.io/schemas/adaptive-card.json",
  "version": "1.0",
  "speak": "{Speak}",
  "id": "NewUserGreeting"
}